﻿{
	"prefix": ".",
	"token": "MTAwODI4NzA0Mzk4NzcyMjI3MA.GI60Ea.C1SPTZq0E4akQXNHv8Bac6liShxDnY4F-_kxAg",
	"commandroom": "1008291095622455406",
	"commandproxies": "ᴘʀᴏxɪᴇs",
	"versionbot": "☁ oCloud's Bot V3.5 ☁",
	"rolebasic": "1008262413331734640",
	"img": "https://cdn.discordapp.com/attachments/992080548682022983/997907022152482887/629221C2-04A8-46B5-9F17-E2EEFD96BFB8.png",
	"photo": "https://cdn.discordapp.com/attachments/992080548682022983/997907528233013318/IMG_0768.gif"
}
